single-0005-01-l,"[0, 3, 4, 1, 2];[2, 3]"
single-0005-01-m,"[0, 1, 4, 3, 2];[2, 3]"
single-0005-01-s,"[0, 2, 1, 4, 3];[3]"
single-0005-05-l,"[0, 2, 1, 4, 3];[0, 1, 6, 8, 9, 10, 11, 15, 16, 17, 20, 21, 22, 23]"
single-0005-05-m,"[0, 1, 4, 3, 2];[0, 17, 20, 21, 22, 23, 8, 9, 10, 11, 14, 15]"
single-0005-05-s,"[0, 1, 4, 3, 2];[0, 17, 20, 21, 8, 10, 11, 15]"
single-0005-10-l,"[0, 1, 4, 3, 2];[0, 1, 5, 8, 11, 12, 13, 14, 15, 18, 20, 21, 24, 25, 26, 27, 28, 29, 30, 31, 32, 35, 38, 39, 40, 41, 42, 43, 47]"
single-0005-10-m,"[0, 1, 4, 3, 2];[0, 32, 38, 39, 8, 40, 41, 42, 11, 43, 13, 14, 15, 47, 18, 20, 21, 27, 28, 29, 30, 31]"
single-0005-10-s,"[0, 3, 4, 1, 2];[0, 32, 38, 8, 40, 41, 13, 14, 15, 18, 20, 21, 27, 29, 30]"
single-0010-01-l,"[0, 8, 7, 2, 3, 5, 4, 6, 1, 9];[1, 2, 3, 6, 9]"
single-0010-01-m,"[0, 8, 7, 2, 3, 5, 4, 6, 1, 9];[1, 2, 3, 6, 9]"
single-0010-01-s,"[0, 1, 6, 4, 5, 3, 2, 7, 8, 9];[1, 2, 9]"
single-0010-05-l,"[0, 9, 8, 7, 2, 3, 5, 4, 6, 1];[1, 3, 5, 6, 7, 8, 9, 10, 13, 14, 15, 16, 18, 19, 21, 22, 23, 26, 27, 28, 29, 30, 31, 33, 34, 37, 38, 39, 42, 45, 46, 49]"
single-0010-05-m,"[0, 9, 8, 7, 2, 3, 5, 4, 6, 1];[1, 3, 5, 6, 8, 9, 10, 14, 15, 16, 19, 26, 27, 28, 29, 30, 31, 33, 34, 37, 38, 39, 45, 46, 49]"
single-0010-05-s,"[0, 9, 8, 7, 2, 3, 5, 4, 6, 1];[1, 33, 3, 5, 6, 9, 10, 45, 46, 15, 16, 27, 28, 30, 31]"
single-0010-10-l,"[0, 9, 8, 7, 2, 3, 5, 4, 6, 1];[1, 3, 7, 10, 11, 12, 13, 14, 15, 16, 17, 20, 23, 24, 30, 31, 33, 34, 35, 36, 37, 38, 41, 42, 43, 45, 46, 47, 48, 51, 52, 53, 54, 55, 56, 58, 59, 60, 61, 63, 64, 65, 66, 67, 68, 72, 73, 74, 78, 79, 82, 86, 87, 88, 90, 91, 94, 95, 96, 97, 99]"
single-0010-10-m,"[0, 9, 8, 7, 2, 3, 5, 4, 6, 1];[64, 1, 65, 66, 3, 68, 7, 72, 73, 10, 74, 11, 13, 14, 15, 79, 16, 17, 20, 87, 24, 88, 90, 91, 30, 94, 31, 95, 96, 33, 34, 35, 37, 38, 45, 46, 47, 51, 52, 53, 54, 56, 58, 59, 60, 61, 63]"
single-0010-10-s,"[0, 9, 8, 7, 2, 3, 5, 4, 6, 1];[1, 65, 3, 68, 7, 10, 11, 13, 14, 15, 16, 17, 20, 90, 91, 30, 31, 95, 38, 45, 46, 52, 53, 58, 59, 60, 61, 63]"
single-0020-01-l,"[0, 1, 18, 2, 17, 19, 3, 4, 12, 6, 7, 10, 5, 8, 13, 14, 11, 9, 15, 16];[0, 1, 5, 6, 7, 8, 9, 10, 11, 14, 15, 16, 19]"
single-0020-01-m,"[0, 1, 18, 2, 17, 19, 3, 4, 12, 6, 7, 10, 5, 8, 13, 14, 11, 9, 15, 16];[0, 16, 19, 6, 7, 9, 10, 11, 14, 15]"
single-0020-01-s,"[0, 1, 18, 2, 17, 19, 3, 4, 12, 6, 7, 10, 5, 8, 13, 14, 11, 9, 15, 16];[0, 16, 9, 10, 11, 14]"
single-0020-05-l,"[0, 1, 18, 2, 17, 19, 3, 4, 12, 6, 7, 10, 5, 8, 13, 14, 11, 9, 15, 16];[0, 3, 7, 8, 13, 14, 16, 17, 21, 22, 23, 24, 25, 26, 28, 30, 34, 35, 36, 38, 39, 40, 41, 42, 44, 45, 46, 47, 49, 50, 55, 56, 57, 58, 59, 62, 63, 64, 68, 69, 70, 71, 73, 74, 75, 76, 77, 78, 79, 80, 82, 83, 84, 88, 89, 93, 94, 95, 96, 97, 98]"
single-0020-05-m,"[0, 1, 18, 2, 17, 19, 3, 4, 12, 6, 7, 10, 5, 8, 13, 14, 11, 9, 15, 16];[0, 64, 68, 69, 70, 71, 8, 73, 74, 76, 13, 77, 78, 79, 16, 80, 17, 82, 83, 84, 21, 22, 24, 88, 26, 28, 93, 30, 94, 95, 96, 97, 34, 98, 35, 38, 41, 42, 45, 46, 47, 49, 50, 55, 56, 57, 59, 62]"
single-0020-05-s,"[0, 16, 15, 9, 11, 14, 13, 8, 5, 10, 7, 6, 12, 4, 3, 19, 17, 2, 18, 1];[0, 64, 5, 69, 6, 70, 7, 71, 8, 9, 12, 13, 14, 16, 17, 21, 22, 24, 88, 89, 26, 28, 93, 94, 95, 96, 97, 34, 98, 41, 50, 57, 62]"
single-0020-10-l,"[0, 1, 18, 2, 17, 19, 3, 4, 12, 6, 7, 10, 5, 8, 13, 14, 11, 9, 15, 16];[0, 3, 4, 6, 7, 8, 12, 13, 17, 19, 23, 24, 25, 26, 31, 32, 37, 38, 41, 42, 43, 44, 46, 47, 48, 50, 51, 53, 57, 58, 60, 64, 65, 66, 67, 69, 70, 71, 73, 74, 79, 80, 81, 82, 84, 86, 87, 88, 89, 90, 91, 92, 94, 95, 96, 97, 98, 100, 101, 105, 106, 107, 110, 111, 112, 113, 114, 115, 116, 118, 119, 122, 123, 124, 126, 127, 128, 129, 133, 134, 135, 136, 137, 138, 139, 140, 141, 143, 144, 145, 146, 147, 148, 149, 150, 151, 152, 153, 154, 155, 158, 160, 162, 163, 164, 165, 166, 167, 168, 173, 174, 175, 177, 183, 184, 185, 188, 189, 190, 191, 192, 193, 195, 199]"
single-0020-10-m,"[0, 1, 18, 2, 17, 19, 3, 4, 12, 6, 7, 10, 5, 8, 13, 14, 11, 9, 15, 16];[0, 6, 8, 13, 17, 23, 24, 25, 26, 31, 32, 37, 41, 42, 44, 46, 47, 48, 51, 53, 57, 58, 60, 64, 66, 67, 69, 70, 73, 79, 81, 82, 86, 88, 89, 90, 91, 92, 94, 95, 96, 97, 98, 100, 105, 106, 107, 110, 111, 112, 114, 115, 116, 118, 119, 122, 124, 126, 127, 128, 134, 135, 137, 138, 139, 140, 141, 143, 144, 146, 147, 148, 149, 151, 152, 153, 154, 155, 158, 160, 162, 163, 164, 165, 166, 167, 168, 173, 175, 177, 183, 184, 185, 188, 189, 190, 191, 192, 193, 195, 199]"
single-0020-10-s,"[0, 16, 15, 9, 11, 14, 13, 8, 5, 10, 7, 6, 12, 4, 3, 19, 17, 2, 18, 1];[0, 128, 134, 8, 10, 11, 12, 140, 13, 141, 14, 17, 18, 19, 147, 149, 23, 24, 25, 26, 27, 29, 31, 32, 37, 167, 41, 42, 44, 173, 46, 174, 47, 175, 48, 177, 51, 53, 183, 184, 185, 188, 189, 190, 191, 64, 192, 193, 66, 195, 69, 199, 79, 81, 97, 100, 105, 107, 112, 115, 122, 124, 126, 127]"
single-0050-01-l,"[0, 44, 4, 1, 39, 35, 21, 7, 23, 26, 29, 17, 15, 38, 3, 32, 47, 45, 43, 31, 20, 22, 30, 13, 14, 16, 36, 24, 5, 12, 37, 8, 25, 11, 2, 40, 46, 34, 49, 10, 27, 41, 42, 6, 28, 19, 48, 18, 9, 33];[0, 2, 5, 9, 10, 11, 12, 14, 16, 17, 18, 19, 20, 22, 24, 25, 26, 27, 28, 31, 33, 34, 35, 37, 39, 41, 42, 43, 45, 46, 48, 49]"
single-0050-01-m,"[0, 44, 4, 1, 39, 35, 21, 7, 23, 26, 29, 17, 15, 38, 3, 32, 47, 45, 43, 31, 20, 22, 30, 13, 14, 16, 36, 24, 5, 12, 37, 8, 25, 11, 2, 40, 46, 34, 49, 10, 27, 41, 42, 6, 28, 19, 48, 18, 9, 33];[0, 2, 5, 9, 10, 11, 12, 14, 16, 17, 18, 19, 20, 24, 25, 26, 27, 28, 33, 37, 39, 42, 43, 45, 48, 49]"
single-0050-01-s,"[0, 44, 4, 1, 39, 35, 21, 7, 23, 26, 29, 17, 15, 38, 3, 32, 47, 45, 43, 31, 20, 22, 30, 13, 14, 16, 36, 24, 5, 12, 37, 8, 25, 11, 2, 40, 46, 34, 49, 10, 27, 41, 42, 6, 28, 19, 48, 18, 9, 33];[0, 33, 2, 39, 9, 10, 42, 11, 43, 12, 45, 14, 48, 17, 18, 24, 25, 26, 27, 28]"
single-0050-05-l,"[0, 33, 9, 18, 48, 19, 28, 6, 42, 41, 27, 10, 49, 34, 46, 40, 2, 11, 25, 8, 37, 12, 5, 24, 36, 16, 14, 13, 30, 22, 20, 31, 43, 45, 47, 32, 3, 38, 15, 17, 29, 26, 23, 7, 21, 35, 39, 1, 4, 44];[0, 3, 5, 6, 7, 8, 9, 10, 12, 13, 14, 16, 17, 18, 19, 20, 21, 22, 23, 24, 25, 26, 34, 36, 38, 39, 42, 44, 45, 46, 48, 50, 51, 54, 55, 56, 58, 60, 61, 62, 63, 68, 69, 70, 72, 73, 74, 75, 76, 77, 79, 80, 82, 84, 85, 86, 87, 88, 89, 90, 91, 93, 98, 99, 100, 101, 103, 105, 106, 107, 108, 109, 110, 114, 116, 117, 118, 120, 121, 124, 125, 127, 130, 131, 132, 133, 134, 135, 136, 138, 140, 141, 142, 145, 147, 148, 149, 151, 155, 156, 160, 162, 163, 164, 165, 166, 169, 172, 175, 176, 177, 178, 181, 183, 185, 186, 189, 192, 193, 194, 195, 196, 197, 198, 199, 201, 202, 203, 206, 209, 210, 214, 215, 216, 217, 218, 219, 220, 221, 222, 223, 224, 225, 226, 227, 228, 229, 231, 233, 234, 235, 237, 238, 240, 242, 244, 245, 247, 249]"
single-0050-05-m,"[0, 33, 9, 18, 48, 19, 28, 6, 42, 41, 27, 10, 49, 34, 46, 40, 2, 11, 25, 8, 37, 12, 5, 24, 36, 16, 14, 13, 30, 22, 20, 31, 43, 45, 47, 32, 3, 38, 15, 17, 29, 26, 23, 7, 21, 35, 39, 1, 4, 44];[0, 5, 6, 7, 8, 9, 10, 12, 13, 14, 16, 17, 18, 20, 21, 22, 23, 24, 25, 26, 34, 36, 44, 45, 46, 48, 50, 51, 54, 55, 58, 60, 61, 62, 68, 69, 70, 72, 73, 74, 75, 76, 77, 79, 80, 82, 85, 86, 87, 88, 89, 91, 93, 98, 100, 101, 103, 106, 107, 108, 109, 110, 114, 116, 117, 118, 120, 124, 125, 130, 131, 132, 133, 134, 135, 136, 138, 140, 141, 142, 147, 148, 149, 151, 155, 160, 162, 163, 164, 165, 166, 169, 175, 176, 177, 178, 181, 185, 186, 192, 194, 195, 196, 197, 198, 199, 202, 203, 210, 215, 217, 219, 220, 221, 222, 223, 224, 225, 226, 227, 228, 229, 233, 238, 240, 242, 244, 249]"
single-0050-05-s,"[0, 33, 9, 18, 48, 19, 28, 6, 42, 41, 27, 10, 49, 34, 46, 40, 2, 11, 25, 8, 37, 12, 5, 24, 36, 16, 14, 13, 30, 22, 20, 31, 43, 45, 47, 32, 3, 38, 15, 17, 29, 26, 23, 7, 21, 35, 39, 1, 4, 44];[0, 130, 131, 132, 5, 133, 6, 134, 7, 135, 8, 9, 10, 138, 12, 140, 141, 14, 17, 18, 147, 20, 148, 21, 149, 22, 23, 151, 24, 26, 34, 163, 36, 165, 166, 169, 46, 175, 48, 178, 51, 55, 58, 186, 60, 62, 195, 196, 197, 70, 198, 73, 203, 77, 210, 85, 86, 215, 88, 217, 91, 219, 93, 221, 224, 225, 226, 227, 100, 229, 233, 107, 108, 109, 238, 240, 116, 244, 117, 120, 124]"
single-0050-10-l,"[0, 33, 9, 18, 48, 19, 28, 6, 42, 41, 27, 10, 49, 34, 46, 40, 2, 11, 25, 8, 37, 12, 5, 24, 36, 16, 14, 13, 30, 22, 20, 31, 43, 45, 47, 32, 3, 38, 15, 17, 29, 26, 23, 7, 21, 35, 39, 1, 4, 44];[0, 3, 5, 8, 10, 11, 12, 13, 14, 15, 16, 17, 18, 19, 20, 22, 23, 24, 26, 27, 28, 29, 30, 31, 32, 33, 34, 35, 36, 37, 38, 39, 40, 41, 42, 43, 44, 45, 46, 47, 48, 49, 50, 51, 57, 58, 64, 69, 71, 73, 74, 75, 76, 77, 78, 79, 82, 84, 85, 86, 87, 88, 89, 90, 91, 92, 93, 96, 99, 100, 101, 104, 108, 110, 111, 113, 117, 119, 120, 121, 122, 123, 125, 127, 129, 133, 134, 136, 137, 139, 140, 142, 143, 144, 145, 146, 148, 149, 150, 151, 152, 154, 155, 157, 159, 160, 162, 164, 167, 169, 170, 171, 172, 173, 174, 176, 177, 178, 179, 180, 181, 183, 189, 193, 194, 195, 196, 197, 200, 201, 203, 205, 206, 207, 208, 209, 210, 211, 212, 213, 214, 215, 216, 217, 218, 220, 224, 226, 231, 232, 233, 235, 237, 238, 239, 240, 241, 244, 245, 246, 248, 250, 252, 258, 260, 261, 262, 263, 264, 265, 266, 267, 269, 270, 271, 273, 275, 276, 277, 279, 280, 281, 282, 286, 287, 289, 290, 292, 293, 294, 295, 296, 297, 298, 301, 305, 307, 308, 310, 311, 316, 317, 320, 322, 323, 324, 326, 328, 329, 330, 331, 334, 337, 338, 342, 345, 347, 350, 351, 352, 353, 355, 356, 357, 358, 359, 361, 363, 365, 367, 368, 369, 370, 371, 374, 377, 382, 383, 384, 385, 387, 389, 390, 391, 392, 393, 394, 395, 397, 398, 399, 401, 402, 403, 411, 414, 418, 420, 424, 426, 429, 430, 431, 432, 433, 434, 435, 436, 437, 438, 439, 440, 441, 442, 443, 444, 445, 446, 447, 448, 449, 450, 451, 452, 453, 454, 455, 457, 459, 461, 463, 464, 465, 466, 467, 470, 472, 473, 479, 480, 482, 484, 486, 487, 490, 492, 494, 495, 496, 498, 499]"
single-0050-10-m,"[0, 44, 4, 1, 39, 35, 21, 7, 23, 26, 29, 17, 15, 38, 3, 32, 47, 45, 43, 31, 20, 22, 30, 13, 14, 16, 36, 24, 5, 12, 37, 8, 25, 11, 2, 40, 46, 34, 49, 10, 27, 41, 42, 6, 28, 19, 48, 18, 9, 33];[0, 11, 13, 14, 15, 17, 19, 20, 22, 23, 24, 26, 27, 28, 29, 32, 33, 36, 37, 41, 47, 50, 51, 57, 62, 64, 65, 68, 69, 71, 76, 78, 79, 82, 84, 85, 86, 87, 88, 89, 90, 91, 92, 93, 94, 96, 97, 98, 99, 100, 101, 102, 104, 105, 108, 110, 111, 113, 117, 119, 120, 121, 122, 123, 125, 127, 129, 133, 134, 137, 139, 140, 142, 143, 144, 146, 148, 149, 152, 159, 160, 162, 169, 170, 171, 176, 177, 180, 181, 182, 183, 185, 186, 188, 189, 190, 191, 192, 193, 194, 195, 196, 197, 198, 199, 200, 201, 203, 207, 212, 213, 214, 215, 217, 226, 231, 232, 238, 240, 244, 245, 246, 248, 250, 252, 258, 260, 261, 262, 264, 270, 271, 272, 273, 275, 276, 277, 279, 280, 281, 282, 285, 286, 287, 288, 289, 292, 293, 294, 301, 307, 308, 317, 322, 323, 326, 328, 330, 331, 332, 333, 334, 336, 337, 338, 339, 342, 343, 345, 347, 353, 356, 358, 361, 363, 369, 370, 371, 374, 377, 385, 387, 390, 391, 399, 401, 402, 403, 410, 411, 414, 416, 418, 419, 420, 422, 424, 425, 426, 429, 430, 432, 434, 436, 438, 449, 450, 451, 452, 453, 454, 455, 459, 460, 461, 463, 464, 465, 466, 467, 473, 479, 480, 481, 482, 483, 484, 485, 486, 487, 488, 489, 490, 492, 493, 494, 495, 496, 497, 498, 499]"
single-0050-10-s,"[0, 33, 9, 18, 48, 19, 28, 6, 42, 41, 27, 10, 49, 34, 46, 40, 2, 11, 25, 8, 37, 12, 5, 24, 36, 16, 14, 13, 30, 22, 20, 31, 43, 45, 47, 32, 3, 38, 15, 17, 29, 26, 23, 7, 21, 35, 39, 1, 4, 44];[0, 258, 260, 261, 262, 263, 264, 10, 11, 12, 13, 14, 270, 15, 16, 17, 273, 19, 275, 20, 277, 22, 24, 280, 281, 26, 282, 28, 287, 32, 33, 36, 292, 37, 293, 38, 294, 295, 40, 41, 42, 43, 44, 45, 301, 46, 47, 48, 49, 51, 308, 317, 64, 322, 323, 326, 71, 328, 330, 331, 76, 78, 334, 79, 338, 85, 86, 87, 89, 345, 91, 347, 93, 350, 351, 352, 353, 99, 356, 101, 358, 110, 113, 371, 120, 122, 125, 127, 385, 387, 133, 390, 391, 392, 393, 395, 140, 398, 143, 399, 144, 146, 403, 149, 152, 159, 420, 169, 170, 171, 173, 430, 176, 432, 177, 434, 436, 181, 438, 183, 441, 442, 444, 189, 445, 447, 448, 449, 450, 195, 451, 196, 452, 454, 455, 200, 201, 459, 207, 463, 212, 213, 214, 215, 217, 473, 479, 480, 226, 484, 231, 487, 232, 233, 238, 240, 498, 244, 246]"
single-0100-01-l,"[0, 57, 66, 52, 62, 26, 61, 94, 11, 70, 32, 20, 73, 2, 14, 28, 89, 51, 99, 96, 53, 5, 55, 24, 35, 54, 38, 31, 92, 68, 46, 49, 39, 72, 95, 19, 34, 7, 91, 59, 76, 40, 84, 25, 29, 6, 75, 90, 16, 88, 17, 36, 3, 10, 98, 65, 63, 93, 69, 41, 13, 86, 64, 23, 30, 48, 60, 50, 27, 83, 9, 12, 56, 58, 80, 97, 85, 79, 82, 18, 44, 22, 21, 37, 77, 43, 74, 8, 47, 33, 67, 71, 42, 1, 15, 45, 87, 81, 4, 78];[1, 4, 8, 9, 10, 12, 13, 15, 16, 17, 18, 21, 22, 23, 28, 31, 34, 35, 36, 37, 42, 43, 45, 47, 48, 49, 50, 51, 56, 57, 58, 59, 60, 64, 65, 66, 67, 68, 69, 70, 71, 72, 74, 77, 78, 81, 82, 84, 85, 86, 87, 91, 92, 93, 94, 95, 97, 98, 99]"
single-0100-01-m,"[0, 57, 66, 52, 62, 26, 61, 94, 11, 70, 32, 20, 73, 2, 14, 28, 89, 51, 99, 96, 53, 5, 55, 24, 35, 54, 38, 31, 92, 68, 46, 49, 39, 72, 95, 19, 34, 7, 91, 59, 76, 40, 84, 25, 29, 6, 75, 90, 16, 88, 17, 36, 3, 10, 98, 65, 63, 93, 69, 41, 13, 86, 64, 23, 30, 48, 60, 50, 27, 83, 9, 12, 56, 58, 80, 97, 85, 79, 82, 18, 44, 22, 21, 37, 77, 43, 74, 8, 47, 33, 67, 71, 42, 1, 15, 45, 87, 4, 81, 78];[64, 1, 65, 66, 67, 4, 68, 69, 70, 71, 8, 72, 9, 74, 12, 13, 77, 78, 15, 16, 17, 81, 18, 82, 84, 85, 22, 23, 87, 28, 92, 93, 94, 31, 95, 97, 34, 35, 99, 36, 37, 42, 47, 49, 56, 57, 58]"
single-0100-01-s,"[0, 78, 57, 66, 52, 62, 26, 61, 94, 11, 70, 32, 20, 73, 2, 14, 28, 89, 51, 99, 96, 53, 5, 55, 24, 35, 54, 38, 31, 92, 68, 46, 49, 39, 72, 95, 19, 34, 7, 91, 59, 76, 40, 84, 25, 29, 6, 75, 90, 16, 88, 17, 36, 3, 10, 98, 65, 63, 93, 69, 41, 13, 86, 64, 23, 30, 48, 60, 50, 27, 83, 9, 12, 56, 58, 80, 97, 85, 79, 82, 18, 44, 22, 21, 37, 77, 43, 74, 8, 47, 33, 67, 71, 42, 1, 15, 45, 87, 81, 4];[1, 4, 68, 69, 70, 71, 8, 72, 74, 12, 13, 15, 16, 81, 82, 18, 84, 85, 87, 28, 92, 42, 47, 56, 57, 58]"
single-0100-05-l,"[0, 57, 66, 52, 62, 26, 61, 94, 11, 70, 32, 20, 73, 2, 14, 28, 89, 51, 99, 96, 53, 5, 55, 24, 35, 54, 38, 31, 92, 68, 46, 49, 39, 72, 95, 19, 34, 7, 91, 59, 76, 40, 84, 25, 29, 6, 75, 90, 16, 88, 17, 36, 3, 10, 98, 65, 63, 93, 69, 41, 13, 86, 64, 23, 30, 48, 60, 50, 27, 83, 9, 12, 56, 58, 80, 97, 85, 79, 82, 18, 44, 22, 21, 37, 77, 43, 74, 8, 47, 33, 67, 71, 42, 1, 15, 45, 87, 81, 4, 78];[1, 3, 4, 5, 6, 7, 8, 9, 11, 12, 16, 18, 19, 20, 21, 22, 23, 24, 26, 29, 31, 32, 34, 36, 40, 41, 42, 43, 45, 46, 47, 48, 50, 51, 53, 54, 57, 60, 61, 63, 65, 67, 68, 69, 71, 72, 75, 76, 78, 79, 80, 81, 83, 84, 85, 87, 88, 89, 90, 91, 92, 93, 94, 97, 98, 99, 103, 105, 106, 107, 108, 109, 110, 111, 112, 114, 115, 117, 118, 121, 124, 128, 129, 131, 133, 136, 138, 140, 141, 142, 148, 149, 151, 152, 153, 155, 158, 159, 164, 166, 167, 168, 169, 170, 172, 174, 175, 176, 180, 182, 183, 184, 185, 186, 187, 188, 189, 194, 198, 201, 202, 203, 204, 206, 207, 208, 210, 211, 212, 213, 214, 215, 216, 217, 218, 219, 221, 222, 223, 224, 225, 226, 227, 228, 231, 232, 235, 236, 237, 238, 239, 240, 242, 243, 244, 245, 246, 249, 250, 255, 256, 261, 263, 266, 267, 269, 272, 274, 278, 279, 280, 281, 282, 283, 284, 285, 286, 289, 290, 291, 292, 293, 295, 300, 303, 304, 308, 311, 314, 319, 320, 321, 322, 324, 325, 326, 327, 330, 335, 336, 337, 338, 339, 340, 341, 343, 344, 345, 348, 349, 350, 351, 353, 355, 357, 358, 359, 360, 361, 363, 368, 370, 371, 372, 373, 374, 376, 377, 381, 383, 384, 385, 386, 387, 388, 389, 390, 391, 392, 393, 394, 396, 397, 398, 401, 402, 403, 405, 406, 407, 408, 409, 410, 412, 413, 416, 417, 418, 419, 420, 424, 425, 427, 428, 430, 431, 435, 436, 438, 439, 443, 448, 452, 453, 454, 455, 456, 457, 460, 461, 463, 464, 465, 466, 467, 468, 470, 474, 475, 477, 482, 483, 484, 485, 486, 487, 488, 489, 490, 491, 492, 493, 494, 495, 496]"
single-0100-05-m,"[0, 57, 66, 52, 62, 26, 61, 94, 11, 70, 32, 20, 73, 2, 14, 28, 89, 51, 99, 96, 53, 5, 55, 24, 35, 54, 38, 31, 92, 68, 46, 49, 39, 72, 95, 19, 34, 7, 91, 59, 76, 40, 84, 25, 29, 6, 75, 90, 16, 88, 17, 36, 3, 10, 98, 65, 63, 93, 69, 41, 13, 86, 64, 23, 30, 48, 60, 50, 27, 83, 9, 12, 56, 58, 80, 97, 85, 79, 82, 18, 44, 22, 21, 37, 77, 43, 74, 8, 47, 33, 67, 71, 42, 1, 15, 45, 87, 4, 81, 78];[1, 4, 5, 6, 7, 8, 9, 18, 20, 22, 23, 24, 26, 29, 31, 36, 40, 41, 42, 43, 45, 46, 47, 48, 51, 53, 54, 57, 60, 61, 63, 65, 67, 68, 69, 75, 76, 78, 79, 80, 83, 84, 85, 87, 88, 89, 90, 91, 93, 94, 97, 98, 99, 103, 106, 109, 111, 112, 114, 115, 118, 121, 124, 128, 129, 131, 133, 136, 138, 140, 142, 148, 149, 151, 152, 155, 158, 159, 164, 166, 167, 168, 169, 170, 172, 174, 176, 180, 182, 183, 184, 185, 187, 188, 198, 203, 204, 206, 207, 208, 210, 211, 212, 213, 214, 216, 217, 218, 219, 221, 222, 223, 224, 226, 227, 228, 231, 235, 236, 238, 242, 243, 244, 245, 246, 249, 261, 266, 267, 269, 274, 280, 281, 282, 283, 284, 285, 286, 290, 291, 292, 293, 303, 304, 308, 311, 319, 320, 321, 322, 324, 325, 326, 327, 330, 335, 336, 337, 339, 340, 341, 343, 345, 348, 349, 350, 351, 353, 355, 357, 358, 360, 361, 368, 370, 371, 372, 373, 374, 376, 383, 384, 385, 386, 387, 388, 389, 390, 391, 392, 393, 394, 396, 397, 398, 402, 405, 406, 407, 408, 409, 410, 412, 413, 416, 417, 418, 419, 420, 425, 427, 428, 435, 436, 438, 439, 443, 448, 452, 453, 454, 456, 457, 460, 461, 463, 464, 466, 467, 470, 474, 477, 483, 484, 485, 486, 487, 488, 491, 492, 493, 494, 496]"
single-0100-05-s,"[0, 57, 66, 52, 62, 26, 61, 94, 11, 70, 32, 20, 73, 2, 14, 28, 89, 51, 99, 96, 53, 5, 55, 24, 35, 54, 38, 31, 92, 68, 46, 49, 39, 72, 95, 19, 34, 7, 91, 59, 76, 40, 84, 25, 29, 6, 75, 90, 16, 88, 17, 36, 3, 10, 98, 65, 63, 93, 69, 41, 13, 86, 64, 23, 30, 48, 60, 50, 27, 83, 9, 12, 56, 58, 80, 97, 85, 79, 82, 18, 44, 22, 21, 37, 77, 43, 74, 8, 47, 33, 67, 71, 42, 1, 15, 45, 87, 4, 81, 78];[1, 4, 5, 6, 7, 8, 9, 269, 20, 22, 23, 280, 281, 26, 283, 284, 29, 285, 286, 290, 36, 293, 40, 42, 43, 46, 47, 303, 304, 51, 308, 60, 65, 322, 67, 69, 326, 75, 76, 78, 80, 336, 83, 339, 340, 343, 345, 90, 93, 349, 350, 353, 99, 355, 358, 360, 361, 109, 111, 112, 114, 370, 371, 118, 374, 121, 383, 384, 386, 133, 389, 390, 391, 136, 392, 393, 138, 394, 140, 396, 397, 142, 398, 402, 148, 149, 405, 406, 151, 407, 152, 408, 409, 410, 159, 418, 419, 164, 420, 167, 168, 427, 172, 428, 174, 176, 435, 436, 438, 439, 184, 187, 188, 448, 453, 454, 456, 203, 460, 206, 207, 208, 464, 210, 466, 211, 213, 214, 217, 218, 474, 221, 477, 222, 223, 228, 484, 486, 231, 487, 488, 491, 236, 493, 238, 496, 242, 244, 246]"
single-0100-10-l,"[0, 57, 66, 52, 62, 26, 61, 94, 11, 70, 32, 20, 73, 2, 14, 28, 89, 51, 99, 96, 53, 5, 55, 24, 35, 54, 38, 31, 92, 68, 46, 49, 39, 72, 95, 19, 34, 7, 91, 59, 76, 40, 84, 25, 29, 6, 75, 90, 16, 88, 17, 36, 3, 10, 98, 65, 63, 93, 69, 41, 13, 86, 64, 23, 30, 48, 60, 50, 27, 83, 9, 12, 56, 58, 80, 97, 85, 79, 82, 18, 44, 22, 21, 37, 77, 43, 74, 8, 47, 33, 67, 71, 42, 1, 15, 45, 87, 81, 4, 78];[1, 3, 4, 7, 8, 10, 11, 12, 13, 14, 15, 16, 17, 18, 19, 21, 22, 25, 29, 31, 33, 34, 35, 36, 37, 39, 40, 41, 42, 43, 44, 45, 46, 47, 48, 49, 51, 52, 54, 59, 61, 62, 64, 66, 67, 68, 69, 71, 80, 81, 82, 83, 86, 87, 88, 89, 90, 91, 92, 93, 95, 98, 100, 101, 103, 104, 105, 107, 108, 109, 112, 115, 116, 117, 118, 119, 120, 121, 123, 125, 127, 128, 129, 130, 132, 133, 134, 135, 136, 138, 139, 141, 142, 148, 150, 151, 153, 154, 155, 156, 157, 158, 160, 161, 163, 164, 165, 166, 167, 170, 172, 173, 174, 176, 177, 180, 181, 182, 183, 184, 185, 186, 187, 188, 192, 193, 194, 195, 199, 203, 207, 209, 210, 211, 212, 213, 214, 216, 217, 218, 220, 221, 222, 224, 225, 226, 227, 228, 229, 230, 232, 233, 235, 236, 237, 238, 239, 241, 244, 245, 246, 253, 254, 255, 256, 258, 261, 263, 268, 271, 272, 273, 275, 276, 277, 278, 279, 280, 281, 282, 286, 288, 289, 293, 294, 296, 297, 298, 299, 301, 302, 303, 305, 306, 308, 309, 310, 313, 314, 315, 316, 317, 324, 326, 329, 331, 332, 333, 334, 336, 337, 339, 340, 342, 344, 345, 346, 347, 348, 350, 351, 358, 360, 362, 363, 364, 365, 369, 370, 371, 372, 373, 374, 375, 377, 378, 379, 384, 388, 389, 393, 395, 396, 398, 401, 402, 403, 404, 406, 409, 411, 412, 413, 414, 415, 416, 417, 420, 421, 422, 423, 424, 425, 426, 427, 428, 429, 430, 431, 432, 433, 434, 435, 436, 437, 438, 439, 441, 442, 443, 444, 445, 446, 447, 448, 449, 450, 451, 452, 453, 455, 456, 457, 458, 461, 462, 465, 467, 469, 470, 471, 472, 473, 474, 475, 476, 477, 478, 479, 480, 482, 483, 484, 485, 486, 487, 488, 490, 491, 494, 495, 497, 499, 500, 505, 506, 507, 509, 510, 511, 521, 523, 525, 526, 527, 531, 532, 534, 535, 539, 542, 544, 545, 546, 553, 554, 559, 560, 561, 562, 563, 564, 565, 566, 569, 570, 571, 574, 578, 579, 580, 581, 582, 583, 585, 586, 587, 589, 590, 596, 598, 599, 600, 601, 603, 604, 606, 607, 613, 615, 616, 621, 624, 625, 626, 627, 634, 635, 636, 637, 640, 641, 642, 644, 645, 646, 649, 650, 651, 652, 656, 659, 660, 666, 670, 671, 672, 673, 674, 675, 676, 677, 678, 680, 681, 683, 684, 687, 690, 693, 694, 695, 697, 698, 700, 701, 702, 703, 708, 710, 712, 713, 714, 715, 716, 717, 718, 720, 721, 723, 728, 733, 738, 739, 740, 741, 742, 743, 744, 746, 747, 751, 752, 755, 759, 761, 763, 764, 766, 767, 769, 770, 771, 772, 773, 774, 775, 776, 777, 779, 780, 781, 782, 783, 784, 785, 786, 787, 788, 789, 791, 792, 793, 795, 796, 797, 798, 799, 801, 802, 803, 805, 806, 807, 808, 809, 810, 811, 812, 813, 814, 815, 816, 817, 818, 819, 820, 822, 823, 825, 826, 828, 829, 831, 832, 833, 834, 835, 836, 839, 840, 844, 847, 848, 850, 852, 853, 855, 856, 857, 858, 860, 861, 866, 867, 868, 869, 870, 871, 873, 874, 875, 876, 877, 878, 879, 883, 885, 886, 889, 893, 896, 897, 902, 903, 904, 905, 908, 910, 911, 912, 915, 916, 917, 918, 919, 920, 921, 923, 924, 925, 930, 931, 932, 933, 936, 937, 938, 939, 940, 944, 946, 950, 952, 955, 956, 962, 963, 964, 968, 969, 970, 971, 972, 973, 974, 975, 976, 977, 978, 979, 980, 981, 982, 983, 984, 986, 987, 989, 990, 991, 996]"
single-0100-10-m,"[0, 57, 66, 52, 62, 26, 61, 94, 11, 70, 32, 20, 73, 2, 14, 28, 89, 51, 99, 96, 53, 5, 55, 24, 35, 54, 38, 31, 92, 68, 46, 49, 39, 72, 95, 19, 34, 7, 91, 59, 76, 40, 84, 25, 29, 6, 75, 90, 16, 88, 17, 36, 3, 10, 98, 65, 63, 93, 69, 41, 13, 86, 64, 23, 30, 48, 60, 50, 27, 83, 9, 12, 56, 58, 80, 97, 85, 79, 82, 18, 44, 22, 21, 37, 77, 43, 74, 8, 47, 33, 67, 71, 42, 1, 15, 45, 87, 81, 4, 78];[1, 4, 10, 11, 12, 13, 14, 15, 16, 17, 18, 19, 25, 29, 33, 35, 36, 37, 39, 40, 42, 43, 44, 45, 46, 47, 48, 49, 51, 54, 61, 67, 68, 69, 71, 80, 81, 82, 83, 86, 87, 88, 89, 90, 91, 92, 93, 95, 98, 101, 103, 104, 105, 107, 108, 109, 112, 115, 116, 117, 119, 120, 121, 123, 125, 128, 129, 130, 132, 133, 134, 135, 136, 138, 150, 151, 153, 154, 155, 156, 157, 158, 160, 163, 164, 165, 166, 167, 170, 172, 173, 174, 176, 177, 180, 181, 183, 184, 185, 186, 187, 188, 192, 193, 194, 195, 203, 207, 209, 211, 214, 216, 218, 221, 222, 224, 226, 227, 229, 230, 233, 235, 237, 238, 239, 241, 244, 245, 253, 254, 256, 261, 263, 268, 271, 273, 275, 276, 278, 279, 280, 282, 286, 288, 293, 294, 297, 298, 299, 301, 302, 306, 308, 309, 310, 313, 314, 315, 316, 317, 324, 329, 331, 332, 333, 334, 336, 337, 339, 340, 342, 344, 346, 347, 348, 351, 358, 360, 362, 363, 364, 365, 369, 370, 372, 373, 374, 375, 377, 378, 388, 389, 393, 395, 398, 403, 404, 406, 411, 412, 413, 415, 417, 420, 421, 422, 423, 424, 425, 426, 427, 428, 429, 431, 432, 433, 434, 436, 437, 438, 439, 441, 442, 443, 444, 445, 446, 447, 448, 449, 451, 452, 453, 455, 456, 457, 458, 461, 465, 467, 470, 471, 473, 474, 475, 476, 477, 478, 479, 482, 483, 484, 486, 487, 488, 490, 491, 494, 495, 497, 499, 505, 509, 521, 525, 526, 527, 531, 532, 534, 535, 544, 545, 546, 559, 560, 561, 562, 563, 564, 566, 569, 570, 571, 578, 579, 580, 581, 582, 583, 585, 586, 587, 589, 598, 599, 603, 604, 606, 607, 613, 615, 616, 621, 625, 626, 634, 636, 637, 640, 641, 642, 644, 646, 650, 651, 652, 656, 659, 660, 670, 671, 672, 674, 675, 676, 677, 678, 680, 681, 683, 690, 693, 694, 695, 697, 698, 700, 701, 703, 708, 710, 712, 713, 715, 716, 717, 718, 720, 721, 728, 733, 738, 739, 740, 741, 742, 743, 744, 746, 747, 751, 755, 759, 763, 764, 766, 767, 769, 770, 771, 772, 773, 774, 775, 776, 777, 780, 781, 782, 783, 784, 785, 786, 787, 788, 789, 791, 792, 793, 795, 797, 798, 799, 802, 805, 806, 808, 809, 810, 811, 812, 813, 814, 815, 816, 817, 818, 819, 820, 822, 823, 825, 828, 829, 831, 832, 833, 834, 835, 836, 839, 840, 847, 850, 852, 853, 856, 857, 867, 868, 870, 871, 873, 874, 875, 876, 877, 878, 879, 883, 885, 886, 889, 893, 896, 897, 902, 903, 904, 905, 908, 911, 912, 915, 916, 918, 919, 920, 921, 923, 924, 925, 931, 932, 938, 939, 940, 944, 952, 955, 956, 963, 964, 968, 969, 970, 971, 972, 973, 977, 978, 981, 982, 983, 984, 986, 987, 989, 991, 996]"
single-0100-10-s,"[0, 57, 66, 52, 62, 26, 61, 94, 11, 70, 32, 20, 73, 2, 14, 28, 89, 51, 99, 96, 53, 5, 55, 24, 35, 54, 38, 31, 92, 68, 46, 49, 39, 72, 95, 19, 34, 7, 91, 59, 76, 40, 84, 25, 29, 6, 75, 90, 16, 88, 17, 36, 3, 10, 98, 65, 63, 93, 69, 41, 13, 86, 64, 23, 30, 48, 60, 50, 27, 83, 9, 12, 56, 58, 80, 97, 85, 79, 82, 18, 44, 22, 21, 37, 77, 43, 74, 8, 47, 33, 67, 71, 42, 1, 15, 45, 87, 4, 81, 78];[1, 4, 10, 11, 12, 13, 14, 526, 15, 17, 18, 19, 534, 535, 29, 546, 36, 37, 39, 40, 42, 43, 45, 46, 47, 48, 560, 49, 561, 51, 563, 564, 54, 566, 569, 570, 571, 578, 67, 579, 580, 71, 583, 585, 586, 587, 80, 82, 83, 86, 598, 599, 88, 91, 603, 92, 604, 607, 98, 101, 613, 616, 105, 107, 625, 116, 117, 119, 120, 125, 637, 128, 129, 130, 642, 132, 134, 136, 138, 656, 659, 150, 151, 153, 155, 156, 157, 158, 671, 160, 674, 163, 675, 677, 166, 167, 680, 683, 177, 690, 694, 183, 695, 185, 697, 186, 188, 700, 703, 194, 195, 710, 713, 715, 716, 717, 718, 720, 209, 721, 214, 216, 728, 218, 221, 222, 224, 226, 738, 227, 739, 740, 229, 741, 744, 233, 746, 235, 747, 237, 239, 241, 755, 763, 764, 766, 767, 256, 771, 774, 263, 777, 268, 780, 781, 782, 271, 783, 784, 785, 786, 787, 276, 788, 789, 278, 279, 791, 280, 792, 793, 282, 797, 286, 798, 802, 293, 294, 806, 297, 298, 810, 811, 812, 301, 813, 302, 814, 815, 816, 817, 306, 818, 819, 820, 314, 315, 828, 829, 833, 834, 324, 839, 840, 332, 333, 847, 336, 337, 339, 852, 344, 348, 351, 867, 358, 870, 871, 873, 874, 875, 364, 876, 365, 877, 878, 879, 372, 373, 885, 886, 375, 377, 893, 388, 903, 904, 395, 911, 403, 915, 406, 918, 920, 411, 924, 413, 925, 415, 931, 421, 423, 424, 425, 426, 428, 429, 432, 944, 433, 436, 437, 438, 439, 952, 441, 442, 443, 955, 445, 446, 447, 964, 453, 455, 456, 968, 457, 969, 458, 971, 972, 461, 973, 978, 467, 471, 983, 473, 986, 475, 987, 477, 989, 479, 991, 482, 484, 996, 486, 487, 488, 491, 499, 505, 509]"
single-cluster-03,"[0, 95, 87, 49, 96, 69, 77, 64, 34, 11, 92, 75, 36, 23, 4, 45, 94, 25, 74, 12, 18, 16, 40, 33, 54, 81, 28, 52, 98, 82, 50, 71, 91, 80, 84, 22, 97, 56, 55, 59, 13, 37, 70, 39, 7, 79, 78, 85, 21, 41, 14, 76, 15, 8, 19, 93, 27, 66, 31, 47, 53, 38, 86, 42, 68, 62, 46, 20, 88, 2, 26, 29, 83, 6, 89, 63, 72, 9, 44, 58, 35, 57, 32, 5, 43, 99, 73, 30, 10, 60, 17, 1, 67, 90, 48, 24, 51, 61, 3, 65];[1, 2, 3, 7, 8, 9, 10, 15, 19, 20, 21, 23, 24, 25, 26, 27, 29, 30, 34, 35, 38, 39, 41, 42, 43, 44, 46, 48, 49, 50, 51, 53, 54, 55, 56, 57, 58, 59, 60, 61, 62, 63, 64, 65, 66, 67, 68, 69, 70, 72, 73, 74, 78, 79, 80, 81, 82, 83, 86, 90, 91, 93, 94, 98]"
single-cluster-05,"[0, 67, 59, 2, 33, 74, 75, 29, 76, 7, 65, 89, 19, 86, 88, 72, 34, 55, 98, 45, 78, 37, 82, 93, 18, 27, 97, 64, 68, 60, 6, 70, 26, 5, 51, 94, 50, 91, 30, 28, 83, 95, 21, 25, 9, 47, 35, 62, 4, 16, 56, 24, 77, 99, 20, 46, 14, 17, 90, 57, 92, 36, 44, 3, 38, 41, 87, 8, 15, 84, 96, 58, 79, 23, 69, 11, 49, 61, 32, 39, 22, 66, 40, 42, 53, 48, 81, 12, 71, 52, 80, 63, 54, 85, 1, 10, 73, 13, 43, 31];[1, 4, 7, 8, 10, 12, 13, 15, 17, 19, 20, 22, 24, 26, 28, 30, 31, 32, 33, 34, 36, 37, 38, 39, 40, 41, 42, 43, 44, 46, 48, 50, 52, 53, 54, 56, 57, 61, 62, 63, 67, 69, 70, 71, 72, 76, 79, 80, 82, 83, 85, 89, 90, 92, 93, 94, 96, 98, 99]"
single-cluster-10,"[0, 65, 53, 26, 62, 68, 31, 64, 72, 29, 25, 87, 32, 34, 95, 54, 98, 86, 82, 90, 93, 23, 69, 11, 1, 37, 59, 6, 63, 49, 38, 76, 92, 80, 33, 79, 78, 71, 35, 47, 46, 14, 58, 67, 84, 85, 52, 57, 17, 77, 5, 89, 56, 75, 16, 44, 28, 21, 24, 50, 94, 96, 20, 66, 39, 45, 7, 12, 41, 97, 4, 55, 9, 30, 74, 10, 22, 13, 51, 99, 36, 43, 70, 2, 83, 27, 15, 3, 73, 88, 19, 91, 42, 40, 48, 8, 60, 61, 18, 81];[1, 3, 4, 7, 8, 10, 12, 13, 15, 17, 18, 19, 20, 21, 22, 24, 26, 28, 30, 31, 33, 34, 36, 37, 38, 39, 40, 41, 42, 43, 44, 46, 48, 50, 56, 57, 60, 61, 62, 63, 67, 69, 70, 71, 72, 76, 79, 82, 83, 88, 89, 90, 91, 92, 93, 94, 96, 97, 98, 99]"
